{ "qqq": [ { "a": "Conne", "b": "1", "c": "2014-05-19T15:40:06+05:30", "d": { "d1": "dani", "d6": "admin" } }, { "a": "test1", "b": "1235", "c": "2014-    05-27T11:23:11+05:30", "d": { "d1": "sev", "d6": "eev" } }, { "a": "test2", "b": "1235", "c": "2014-05-27T11:23:11+05:30", "d": { "d1": "sev", "d6": "eev" } }, { "a": "test3", "b":     "1235", "c": "2014-05-27T11:23:11+05:30", "d": { "d1": "sev", "d6": "eev" } }, { "a": "test4", "b": "1235", "c": "2014-05-27T11:23:11+05:30", "d": { "d1": "sev", "d6": "eev" } }, { "a":     "test5", "b": "1235", "c": "2014-05-27T11:23:11+05:30", "d": { "d1": "sev", "d6": "eev" } }, { "a": "test6", "b": "1235", "c": "2014-05-27T11:23:11+05:30", "d": { "d1": "sev", "d6": "eev"     } }, { "a": "test7", "b": "1235", "c": "2014-05-27T11:23:11+05:30", "d": { "d1": "sev", "d6": "eev" } }, { "a": "test8", "b": "1235", "c": "2014-05-27T11:23:11+05:30", "d": { "d1": "sev",     "d6": "eev" } }, { "a": "test9", "b": "1235", "c": "2014-05-27T11:23:11+05:30", "d": { "d1": "sev", "d6": "eev" } }, { "a": "test10", "b": "1235", "c": "2014-05-27T11:23:11+05:30", "d": {     "d1": "sev", "d6": "eev" } }, { "a": "test11", "b": "1235", "c": "2014-05-27T11:23:11+05:30", "d": { "d1": "sev", "d6": "eev" } } ]}